,Jarosite,Goethite,Hematite,Kaolinite,Alunite,Illite,Smectite,Gypsum
426.82,0.177532812313874,0.01900366626166779,0.06078343146428238,0.6533732967593459,0.6549520023094416,0.6508109504923328,0.4125829120569166,0.7623214927485177
436.99,0.16712739337985483,0.020838270802302255,0.060866488751439525,0.6737536859888769,0.6628863120302046,0.6571262128205554,0.4304215184176574,0.7692687800530799
447.17,0.20874930567496072,0.02289399210626166,0.06023165053474408,0.6908970392738466,0.6853116372302527,0.6627601074475542,0.44886833703138795,0.7763226780940929
457.34,0.26742321908847533,0.02425990164763947,0.0593890523328308,0.7063372135003528,0.7082077651817742,0.6678233487013403,0.46398513850869655,0.7832316347300904
467.52,0.3134826638095678,0.024921887125249995,0.058616994628423895,0.717992503281616,0.7217620558723638,0.6713250541792422,0.47605951000217195,0.7903308128399623
477.69,0.3470643223076567,0.025718863975759617,0.05805739010781147,0.7278185781186948,0.7321307348723216,0.6790563139321505,0.4857672449982457,0.7977017157831073
487.87,0.377658861293206,0.027234035407948068,0.057684257517105625,0.7382766126934394,0.7410635228372424,0.6926098636458108,0.49324601613024827,0.8051368436596881
498.04,0.4076201121605265,0.029898612149811994,0.05737230250080098,0.749892109183864,0.7500909568177163,0.7119959445085514,0.5021962182330453,0.8122265341271271
508.22,0.43746285489032244,0.034038643318079695,0.05731658528387327,0.7611634737137946,0.7588120952689753,0.7327784891303041,0.5118859077271387,0.8187789228781812
518.39,0.4692683023276412,0.0398768752596086,0.05738494279442826,0.7722887477603074,0.7680865302230996,0.748991531739451,0.5258960940021111,0.8246474660828892
528.57,0.5021246868154643,0.04795994660388729,0.05800858894324189,0.7831324642063033,0.7778626174292465,0.7603383379872355,0.540806101286217,0.829901764039917
538.74,0.534507825641482,0.058623656535278755,0.05910973766202725,0.7929232747331675,0.7862044460089866,0.7695335777635132,0.5520491021481243,0.8343939369107753
548.92,0.5648942113106217,0.07158083740047284,0.059374790411690415,0.8005915045925818,0.7935216910567489,0.7767769630844595,0.5628467775061743,0.8386071229340148
559.09,0.5929484397215478,0.08554947633230409,0.06028750242731276,0.8084882702092742,0.8006827007008138,0.7832786778862761,0.5742193961454699,0.8426329863544787
569.27,0.6159636412931352,0.09891955860520188,0.06149710504483479,0.816091932684702,0.8077575830138626,0.7913282879349973,0.5836764076322529,0.8463504517060453
579.45,0.6326794539983588,0.10940333718444627,0.06413763599322067,0.8231569651872079,0.8115984805056191,0.7986358185232308,0.5868055399335728,0.8501305156926109
589.62,0.6445459116079036,0.11579725223154679,0.06877110820318524,0.8299848647356131,0.8146023688992879,0.8047258144839387,0.5890629589929386,0.8523786393676788
599.8,0.6540604425207094,0.11883088240287558,0.07432024053481799,0.8358031585220754,0.8159841073124856,0.8087824004381274,0.5900067728931291,0.8551748839838039
609.97,0.6632246016503708,0.11984887687972404,0.0793374441995568,0.8408351414120988,0.8172610655596221,0.8136463217381319,0.5901620212236532,0.8572088440048352
620.15,0.6735591343715241,0.1200249719324171,0.0826254306210758,0.8458422611383842,0.8188579849204523,0.8188656481781704,0.5899729236239946,0.8601475038246893
630.32,0.6836569344825737,0.11988955716284463,0.08517672323628958,0.8502684321544864,0.8194071098510464,0.8242131473452998,0.5906874266778536,0.8630881401378486
640.5,0.6934312687240177,0.11996285296411281,0.08742081610667973,0.8545156515581382,0.8211629806689487,0.8287730205716239,0.592176728135146,0.8649303600926959
650.67,0.7034765327477932,0.120572909837576,0.08992585333535885,0.8582309246038318,0.8237181191819244,0.8332820062250054,0.5957188200702589,0.8664861415500008
660.85,0.7147436116852497,0.12194462757121054,0.09262104097451429,0.8622454409457884,0.8262497962337901,0.8370447315577325,0.599317632434696,0.8677942886560047
671.02,0.7272406024696243,0.12425326757608517,0.09636776940005463,0.8664871596593943,0.8281956285343746,0.8397726009173758,0.6036552029867589,0.869171056887503
681.2,0.7394922147437666,0.12748771371233644,0.10106013563471902,0.870078476722914,0.8315179077226104,0.8435868328071141,0.6094946100429078,0.8704790724504462
691.37,0.7486137700999284,0.13175739280747772,0.10641813863021102,0.8734688132145522,0.8338374012210757,0.8473126847779179,0.6140414549682122,0.8716902024722932
701.55,0.752884082278012,0.13696903871853833,0.11301318168263695,0.8767284435581959,0.8352324579736807,0.8492707513990034,0.6168057803500703,0.8725403358374856
711.72,0.7523542879565802,0.14298278297658013,0.12038003738921488,0.8801984334452733,0.8367812213077022,0.8520197728336822,0.6204071343613331,0.8732900798596575
721.9,0.7471547166766747,0.14942083003134118,0.127682613161558,0.8824373921986003,0.8385429041245058,0.853887584609444,0.6238850077029438,0.8739016394093135
732.07,0.7373308427627808,0.1556480111330689,0.133559660191025,0.8858038406989114,0.8402889168260883,0.8556436622538135,0.6269505973722447,0.8745120327121868
742.25,0.724018111514335,0.16092778026626606,0.13666999116365736,0.8890213472745686,0.8416810628943722,0.8570361163532072,0.629721826620859,0.8749212009087424
752.43,0.707565263422044,0.16441042830280056,0.13706364328742526,0.8914894949758683,0.8426630909867711,0.8591919438400516,0.631968395240575,0.8752295521092811
762.6,0.6910331078135722,0.16572251033192767,0.13491956384492615,0.8932122885242364,0.8433751721903786,0.8612882586912468,0.633984102971271,0.8755054353513323
772.78,0.6746503669956366,0.16484593520829646,0.13102754517285808,0.8955870806845332,0.8438441864502624,0.8621955690855003,0.6350603048425615,0.8760551133420602
782.95,0.6575114473069755,0.1621939933190341,0.1263052825689309,0.8992635085989151,0.8441714127018103,0.8637717521741258,0.6370395539138511,0.876658952719382
793.13,0.6416700205237424,0.15822680508344283,0.12151424439717824,0.9005369131721642,0.8448438574540625,0.8651250012095845,0.638468742865606,0.8776686626267515
803.3,0.626604997826467,0.15359720589010767,0.11710221331778255,0.9034032591319114,0.8453694771501282,0.8664471312941133,0.6390427376843963,0.878367463263199
813.48,0.612427556487541,0.14874859107157984,0.11347049627008407,0.903243492754264,0.8457256241538227,0.867304902441803,0.639827196837131,0.8791438589494612
823.65,0.5999173375761521,0.14406133683462483,0.11087882963453835,0.9054019472840836,0.8458121186527835,0.8681014634053079,0.6392071030418315,0.8798562941679058
833.83,0.5893862763750303,0.13973770093534,0.10873062443190963,0.9063495560456618,0.8454356240267789,0.8689593123985895,0.6393803616413486,0.8802203728640237
844.0,0.5791995949535784,0.13592250292998784,0.107048349554585,0.9078039381185978,0.845454154497343,0.8673136986679908,0.6392038424177046,0.8803255887559496
854.18,0.5707869876762572,0.1326994222946423,0.10723703792668342,0.9075070164170004,0.8431916687413132,0.8631184040967563,0.6394321245329605,0.8802253733082688
864.35,0.5631304595904001,0.13006542023077033,0.10553959080848742,0.90905007020052,0.8427628516740754,0.8648882052869225,0.6390381601593211,0.880666524251016
874.53,0.5551582802233261,0.1280031123908429,0.10465811784973025,0.9147626198267932,0.842881758939385,0.8639196238615525,0.6374988159574281,0.8812905757394086
884.7,0.5513179626137268,0.12651445674061734,0.10840858581753593,0.9094126483358884,0.8421204356397594,0.8644007142238863,0.6376190285816209,0.8818611459507945
894.88,0.549602448399103,0.12553965235723824,0.11085572855422562,0.910234766271905,0.842694791847232,0.862987885057311,0.6364869896315933,0.8825832789508972
905.05,0.5484422981706547,0.1250190470110868,0.11233516647025062,0.9105412204834809,0.8421645813839179,0.8619531310826847,0.6361033846402272,0.8829401875136043
915.23,0.5479770859299573,0.1248960738752221,0.11508264524464597,0.9096386842883313,0.8406261714113873,0.8607854513714287,0.6332567611602749,0.8835336103451618
922.54,0.5477645715621413,0.12509841582924508,0.11848934783085284,0.9088183107251129,0.8401777231355252,0.8592906309691298,0.6348837726545278,0.8840737755750467
932.64,0.5496438063801821,0.1255836249116764,0.12540473056874984,0.9074509473875773,0.8412262225713935,0.858829231271113,0.6357106205775258,0.884714369363677
942.73,0.5511053620408909,0.12634794266253033,0.13154926323189386,0.901238449871389,0.841116091698803,0.8531377269061227,0.6349351673140492,0.884946288926463
952.82,0.5548698260493805,0.12743807279624464,0.13904040179484814,0.8965447926201906,0.8397548385095461,0.8419821567499403,0.6347685682841374,0.8843758693183584
962.91,0.5601453870883092,0.12880762081426628,0.15013626811738515,0.8916017921431246,0.8407117759460739,0.8387115873029419,0.6350380864812262,0.8829458447035837
972.99,0.5658692719596883,0.1303736151278438,0.16145393473765937,0.8990808078294565,0.8410805133495878,0.8463525163169512,0.6372527287023007,0.8808706271151076
983.08,0.5732416953560581,0.13223012901241946,0.1732091057468132,0.9091235378966446,0.8406812120456857,0.8538997951063718,0.639200914545241,0.8784179944438766
993.17,0.5811803316803452,0.13449018792299777,0.18616375398377835,0.9121792689391752,0.8405151472919199,0.857584474221865,0.6404309881472665,0.8767792467164965
1003.3,0.588784910060145,0.13739621426538512,0.1989285055844487,0.9121489936193172,0.8396126547229593,0.8581689746962282,0.6412300923934194,0.8784202911396112
1013.3,0.5956782671372973,0.14053751826378375,0.21160214299675667,0.9117913360237838,0.8397924730637838,0.8585374607783783,0.6421658085189189,0.8835078552086486
1023.4,0.6031572902759542,0.14391868630999644,0.22430688478517233,0.9135189168202367,0.8422490883285506,0.8581968670073509,0.6436646866390188,0.8881628284543417
1033.49,0.6109938608108108,0.14769784563027027,0.23522085414270272,0.9138692302854055,0.8439319076,0.8572157485189189,0.6447487480454054,0.8917910505318919
1043.59,0.6199484431103379,0.15215819494137647,0.24496780241000085,0.9132002752230445,0.8448551144768109,0.8570631625830705,0.6453841957858891,0.8947100381392812
1053.69,0.6278197537943947,0.15691654348542627,0.2542682563524245,0.9136178374797068,0.8457142287986202,0.8574342204005582,0.6459853773622714,0.8964780816818334
1063.79,0.6352801732771219,0.16211447266081117,0.2627871401383332,0.9142142554869885,0.8457992163749158,0.8574544788888779,0.6471683627646848,0.8970823589599755
1073.89,0.6419928581948708,0.1679214962487376,0.27099958279453423,0.91416134815051,0.8460059022299237,0.8583339966370928,0.6475611904396475,0.8980047749454401
1083.99,0.6479539294702235,0.174455070109322,0.27851408834472097,0.913893304396451,0.8458566320497891,0.858726611856891,0.6475650863848453,0.8970365349608856
1094.09,0.655892901034995,0.18166348952943973,0.2867242056306815,0.913729702254768,0.8470590930396293,0.8595149907034639,0.6484667324656883,0.896691698105876
1104.19,0.6613947503236389,0.18940585593231196,0.29490337641576997,0.9131468641306957,0.8466189727727327,0.8586188518866263,0.6495391839194704,0.8953956830655678
1114.19,0.6669555455555115,0.1977780873028479,0.30141731532835586,0.9125756145191508,0.8466650232756368,0.8570630925167346,0.6494481494429041,0.8938221540070107
1124.28,0.6728070221863983,0.20682214951816055,0.3097909222816572,0.9127945335887432,0.8475328863682814,0.8562534786220145,0.6511885815239434,0.8927871267067374
1134.38,0.6804268091041437,0.21648366867968633,0.31660561506357954,0.9128247494026303,0.848264385515568,0.8532831688290287,0.6512550086931548,0.890350148264142
1144.48,0.6860781923909921,0.2263885084382891,0.3234733304084017,0.9114506093952208,0.8480895211939117,0.8471087339456719,0.6494634242554392,0.8857987402381684
1154.58,0.6920685308555132,0.23785110512040544,0.3294448854784537,0.910251690931559,0.8481005879150825,0.8411790675792141,0.6479427693536122,0.876342444150824
1164.68,0.6986991575314389,0.2482512981948709,0.3342280122725023,0.9099076527359145,0.8484412005168829,0.8424654612278444,0.6501498649856422,0.8630685955094562
1174.77,0.7048226055857015,0.25856376975641143,0.33874901965937215,0.9100911290801069,0.8487956543538965,0.8436793584651946,0.6517516162679472,0.8519834931131797
1184.87,0.7128995707789043,0.2688641546118349,0.3429883850445597,0.910518069323682,0.8496961810862677,0.8450118686376599,0.6544101995443022,0.8474918786836061
1194.97,0.7199910047864576,0.27866022527701584,0.3461228042565874,0.9092739281114401,0.8488728039668472,0.8432311010740987,0.6551416491277096,0.8470237854901126
1205.07,0.7268410796026104,0.2880182861230492,0.34712261095539887,0.9078116503067812,0.847445377209756,0.8403004611714727,0.6542667379978017,0.8464336325906084
1215.17,0.7346632707439265,0.29672839655741473,0.3487828827170619,0.9037382860088214,0.8461273486187652,0.836248002617245,0.654489248976726,0.8503989151857816
1225.17,0.7420703432131186,0.30469371523498306,0.34861045524894535,0.899196961186204,0.8451133081875705,0.8316736182053948,0.6541792567313292,0.8541504557394094
1235.27,0.748180508915956,0.31178297276492073,0.34993916951684934,0.8893297311774259,0.8432367230125862,0.8249732632886724,0.6547657329922859,0.8567542399675192
1245.36,0.7561021825738985,0.3180652649725201,0.350823931714447,0.8890373117206857,0.8427519417919848,0.8238985273628234,0.6558067066908291,0.8623159649113217
1255.46,0.7634282438856542,0.32351819447738434,0.3508676154125079,0.8929815716359711,0.8415071991286439,0.8237689534864148,0.6567616785365177,0.8671519021631415
1265.56,0.7701941932576469,0.32860417254508,0.35100630115767373,0.8961649481632288,0.8381674045593988,0.8248810286895343,0.65717646379534,0.86914539571024
1275.66,0.7768645195736171,0.33270822367851954,0.350778752537108,0.8929327401526898,0.8337242799360325,0.824093777984731,0.6574232355706067,0.8704242034000733
1285.76,0.7858928360849674,0.3361819311782531,0.35030755219073084,0.880517159715389,0.8375622113731432,0.8217118748669043,0.6578707872002377,0.8700117694242425
1295.86,0.793738143560621,0.33906331973818665,0.35034438973085913,0.865026076726542,0.8426346630435299,0.8172481005495704,0.6571502228821247,0.869328143619836
1305.96,0.799812379806504,0.34150946501425966,0.3502267132385328,0.8509925034052919,0.84513129116058,0.8100636795553751,0.6560352567822625,0.8663114497009428
1316.05,0.8069545239184425,0.34356733182484356,0.34986357555335496,0.8438854400883309,0.844045714910877,0.8028401831698091,0.6559205023162085,0.8612922082567536
1326.05,0.8145580848972326,0.34537921458437937,0.3500624322569837,0.8347739226160447,0.8413101635314003,0.7952755537966454,0.6558447719567326,0.8541503414306432
1336.15,0.8234246609224142,0.34691970647799175,0.34938890339525674,0.8303519027628856,0.8376236310412438,0.7889934507324852,0.6545610979830668,0.8453684673518841
1346.25,0.8281286971554891,0.34827970267469377,0.3483748602024933,0.8195113567047559,0.8359425332088998,0.7811116302001169,0.6538886132871247,0.8350311817574834
1356.35,0.8316976752578729,0.349631915456328,0.3481574204616756,0.7866688276221034,0.8371921829093879,0.7723663215748665,0.6519776805650623,0.8252085513669044
1366.45,0.834905150937531,0.3508255774367684,0.3485096408196835,0.7781660644177936,0.8372904548906692,0.7495222579142977,0.6486280215436033,0.8175107484987818
1376.55,0.840133974252062,0.3518681219179927,0.34890800371993547,0.7431269286977057,0.8388040433880246,0.7101936034739729,0.6364210615971719,0.8076694941967106
1386.65,0.8432404543757674,0.35265778231928546,0.34828803890363214,0.6723720091836652,0.8382275352931041,0.6319990683665385,0.6109445290042381,0.8019984575278251
1396.74,0.8456029639115539,0.35307319002119064,0.34791228661623164,0.6303288171806554,0.8366118144450826,0.5428863680655133,0.5748989461825169,0.792576504889888
1406.84,0.8431849970366776,0.3531168605149127,0.34776852129817404,0.6390301109434783,0.8306495390321623,0.5012615333059378,0.5338482820933186,0.7731380448540424
1416.94,0.8357987719915829,0.35303137592662276,0.34750120852849437,0.6484189092810813,0.813323740969451,0.5302057429003315,0.5322939671283854,0.7423129565641434
1426.94,0.8201298751837475,0.3531736260834216,0.34866570299789074,0.7895272573170198,0.7671098439717375,0.5980145017108166,0.5714466370717262,0.7105240978248385
1437.04,0.8042908358601598,0.35359682741946985,0.3486016726421223,0.8389826943577888,0.7044629170117941,0.6398924819780766,0.6079574284282138,0.6729517846292091
1447.14,0.7814148125565665,0.3542615237016646,0.3494182914956381,0.8550186922787092,0.737481893344094,0.6588139607314804,0.6244097614682087,0.6397615191401865
1457.23,0.7528872301746754,0.3550445585378316,0.3495860568416727,0.8616412020869024,0.7752451123920908,0.6640014678561598,0.6282380205906701,0.660901571344926
1467.33,0.7518608013160241,0.3557232984077001,0.3491843893809043,0.8674262317836134,0.7653354096524272,0.668486397934169,0.6296588182930306,0.6793577083292731
1477.43,0.7540285120349741,0.3565221397162067,0.3488580313898544,0.8749358871961304,0.740783299531038,0.676287792225589,0.6378676353876165,0.6855697320857718
1487.53,0.749458732063195,0.35747130481636613,0.3484162149970789,0.8787204002921111,0.7111273690605908,0.6800498920721069,0.6430513894507321,0.6804686042182811
1497.63,0.7472612115357801,0.35823983058349346,0.34871011507952226,0.8827688307736339,0.6828552325914558,0.6796802920150924,0.6432793940555369,0.6892609467608787
1507.73,0.7470294272776694,0.3590047119440126,0.34902702599294955,0.8875750926415281,0.7601380667187855,0.67591725760791,0.6443395437408775,0.7086587788252944
1517.83,0.751261909721342,0.3598190992597837,0.35029274061286936,0.8889980488453616,0.7873242273529467,0.6688729285554149,0.6418605910350155,0.7153502276136814
1527.92,0.7546636977075577,0.36026319954299696,0.35125624848540365,0.8905675022637249,0.8016786671750973,0.6619707946332091,0.6388829499433573,0.7120360466939317
1537.92,0.7547718011734643,0.3605511322750185,0.34951096152651373,0.8934218891716841,0.8180262959053268,0.6548977497478647,0.6355203479481127,0.7088135200753106
1548.02,0.7586949360577103,0.36062829931149554,0.35054135706932577,0.8944534970734848,0.8236064969119787,0.6512720224456614,0.6351140062137701,0.7213241352709754
1558.12,0.7709486486646793,0.3604930913389842,0.3512266832150673,0.8940343341521186,0.827426812177508,0.6534251986734926,0.6361843794002199,0.7409953952252266
1568.22,0.7860845798353189,0.36009266358684133,0.3514385084148817,0.895795118002139,0.8306622517088025,0.6619582318358537,0.6390743471920027,0.757049895784241
1578.32,0.795250632824918,0.35934344782803723,0.35111562118728157,0.8958574608780339,0.8320736823659481,0.6731592940588391,0.6438695963293295,0.7693697586849793
1588.42,0.8032044528028203,0.35805664085171907,0.35145620109948106,0.8964999135527411,0.8324520364945932,0.6813534278638201,0.6491421862394043,0.7801388464876614
1598.51,0.8087487970949853,0.35639261616463996,0.35159957174235523,0.8967429012636655,0.8329600435749227,0.6882940897112414,0.652723524748475,0.791323465209439
1608.61,0.8134097172430489,0.35455233130436076,0.3518106510245366,0.8991497633124406,0.8353811386953423,0.6912889819953065,0.6532527874780181,0.8012838557788735
1618.71,0.8142471609752933,0.3527957330522355,0.35185834151022427,0.8993247389462792,0.8362818495658761,0.6923413825565182,0.6552898268753775,0.8099110825520621
1628.81,0.8136186249028577,0.3506922933069931,0.3523138319578951,0.8985326613762304,0.8372656310377675,0.6935485721894123,0.6550344301309092,0.8179355022054541
1638.81,0.8174908688801965,0.34887342780168745,0.3530369145300153,0.8988438765144283,0.8377327974853935,0.6947147871937573,0.6575108116404904,0.82515363529124
1648.9,0.8231227519286606,0.347257850758254,0.3541321544440593,0.8970426003860094,0.8370649902029074,0.6971909548473986,0.6603101366687133,0.8307048638864353
1659.0,0.8259135536412155,0.34594754639581743,0.353437126001921,0.896447569486786,0.8354852662119396,0.7003860082294462,0.6608225866868335,0.8345341874274935
1669.1,0.8257416673148561,0.3453426393387399,0.35344159783441764,0.8950483436164335,0.8341585910302112,0.701022287141966,0.6619354340281615,0.8363516607316639
1679.2,0.8275255175548603,0.345231561830389,0.35344165998276955,0.8945054157805197,0.8303489941624416,0.7009101223013547,0.6603672806050463,0.8353342924783134
1689.3,0.8295454000084169,0.34543498574513803,0.3534593270254882,0.8946675426772488,0.8300411616440567,0.7038005533466353,0.6629015132476136,0.8311200694791461
1699.4,0.8328280654109853,0.34553169751061996,0.35850701100496096,0.8891116382018834,0.8277326262246384,0.7043011970828505,0.6642028777004426,0.8206140775634971
1709.5,0.8316633912348247,0.34544790224724214,0.35753087615689305,0.8850116945338958,0.8178411840633354,0.7048758712734439,0.6644618891054206,0.801677431220961
1719.6,0.8292197439078685,0.34546401644485375,0.3567815181377617,0.8851877464848593,0.8006982512227439,0.702216780913988,0.6630123458673479,0.7734785017440042
1729.7,0.8278626943136039,0.345126290528274,0.3552975103774529,0.8819650313783929,0.775452076622327,0.7031915049692956,0.6607264009133279,0.7457112354097571
1739.7,0.8254939972215675,0.34417517839065204,0.35772552084309556,0.8795390115108184,0.7490640925842452,0.6982082811242263,0.6619417098573056,0.7216603772742486
1749.79,0.8266781696531168,0.34323535011912665,0.35754686134911123,0.8757760015390404,0.7242581595545872,0.7020841460249543,0.6610946134667526,0.7112411446258355
1759.89,0.8231795458379133,0.3425588503671905,0.35962777268589763,0.8749018737580583,0.7088322524601169,0.6938998328053236,0.6556969714592555,0.7179487124764564
1769.99,0.8185648638755261,0.3424663956344012,0.3581495784590781,0.86717730530762,0.7098726247083227,0.6871485755309205,0.6546715515701341,0.7239476898710699
1780.09,0.8163901909167335,0.34286120347998295,0.35937340804919343,0.8594826683570488,0.7405455764977373,0.6857729653660299,0.654710849554407,0.7295010824295716
1790.19,0.8140548781618344,0.34346468391872625,0.3618605505489544,0.8456558278653755,0.7795414273580089,0.6829825262773288,0.6529008550469344,0.7438137796572009
1800.29,0.8075513104866118,0.3448921590184584,0.36129000281945656,0.8417436890051889,0.806997884849283,0.6748250691505585,0.6502242874120653,0.7591625915497504
1810.38,0.8018172341477858,0.347066868556603,0.3605540155343421,0.8388468106779291,0.8167821293929731,0.6730703399756397,0.6469514420801314,0.7690973907555653
1820.48,0.7941108977308153,0.3479597191421979,0.3599735136709613,0.8341108924640768,0.8190037509477218,0.6681469390207866,0.642813754277325,0.7744279410772537
1830.58,0.782308492386446,0.34918868397447195,0.3610331340562647,0.8356569961196986,0.818454685316922,0.6652467745144426,0.64129876992098,0.7762645718891541
1840.58,0.75742704,0.35021791,0.36238357,0.83462769,0.81528908,0.6614536,0.63774866,0.77355587
1850.68,0.7345597414488291,0.3508734086765361,0.36420193700470366,0.8396959037635293,0.8103954628808238,0.6546262882358764,0.6356014217042134,0.7647305195438924
1860.78,0.7323049968222198,0.3516196732959306,0.3635036068949125,0.8459506945216048,0.8057061501888624,0.639371005932675,0.6307302290345933,0.7446917870226694
1870.87,0.7508288250436251,0.35200569401434045,0.363604114179038,0.8327011104446735,0.8001760411597161,0.6007148432258137,0.6114061397929152,0.7126168828502676
1880.98,0.7648864808014734,0.3516185053286001,0.3638652481346483,0.8113876391748607,0.7916025010239729,0.5389535083604156,0.5763976850445098,0.6677018090120707
1891.07,0.7610094006244245,0.3502237655747656,0.364083026041153,0.7854203539160702,0.7813722247562607,0.4643795172029631,0.5017396380294887,0.6189687046046601
1901.17,0.7459505777451998,0.3476601853878145,0.36533573632148053,0.7560923253857347,0.7730020001649683,0.38822883559159815,0.41898039185416136,0.5699571336909954
1911.27,0.7274536625699577,0.34485038128072093,0.36574630374452916,0.7388162941330827,0.7671802605499555,0.3664614517760177,0.4216294746168927,0.5162495170601056
1921.37,0.6992386032497253,0.3432255066583818,0.3660476003919316,0.7437605176005823,0.76166248221682,0.3912004937527602,0.47581111120352115,0.45814461843237264
1931.47,0.6723633051522951,0.34225114710777516,0.3669002431995881,0.7509766087222245,0.7610367245910405,0.41311787414623535,0.5123289344995446,0.39361085861092365
1941.57,0.6622805312696904,0.3420529371918788,0.3678573724554683,0.7562115991085663,0.7615218093954093,0.4236062705251788,0.5234487496533481,0.3551571377737661
1951.57,0.6544853848867678,0.3425238223112876,0.36915767392060367,0.7605974425097288,0.7555428776069197,0.42617286054799136,0.5244933293448661,0.374689018100151
1961.66,0.6422147251384832,0.34298952076752454,0.36921568390208637,0.767596327791993,0.7490230392712923,0.4240018824518007,0.5253985987854872,0.4186884300541655
1971.76,0.6264675414555503,0.34333330617564045,0.37121592133235626,0.7719669271378207,0.7481576198707652,0.41372084270313636,0.5243689513989047,0.4386038701856821
1981.86,0.6058926674891331,0.343668609243581,0.3718053896532295,0.7757093780983078,0.7410852100945651,0.40586079471873204,0.5189876988269021,0.45791789182534653
1991.96,0.5766974497448186,0.34403788355877485,0.3735683521997881,0.7748022644609702,0.7280829190403716,0.3910239106254271,0.5112722032367533,0.49809299375068067
2002.06,0.5487404669371306,0.34480119210581556,0.3744837256953865,0.7773234664509293,0.7164899011073703,0.38172580316129806,0.506558639300009,0.5624824297913587
2012.15,0.5379155905768069,0.3461321445056294,0.3753845589610544,0.7769023695374653,0.7064979865342073,0.3762178023790191,0.5027411508906097,0.6119543031711013
2022.25,0.5360278983865601,0.34888235497667924,0.3746931804491845,0.7744474740408781,0.7047972481800897,0.3819810793267184,0.5056481748889418,0.6408411659052515
2032.35,0.5393311845968748,0.3523546248416612,0.3771518854714515,0.768291383164399,0.6975881335499972,0.3857414166341869,0.5052775983512566,0.658696228198562
2042.45,0.5394291794103201,0.35599859312772936,0.3775409076848505,0.7637677926259816,0.688105422829275,0.38242486139215937,0.5075458828907682,0.6704451205756187
2052.45,0.5376828380196462,0.3598617306217631,0.37833010773515396,0.7599913497388776,0.6797948551609615,0.37266366037589044,0.5064734703120204,0.6765219137988058
2062.55,0.5339126996040006,0.3629125280057434,0.38027361764568995,0.7478632311254146,0.673909138245284,0.357190365730554,0.5041258138551269,0.6769865184334307
2072.65,0.5293011318124654,0.3651091187496039,0.38070091732611105,0.7399770263613049,0.671371219980591,0.3462402408751883,0.49234427241830403,0.6777336714109166
2082.75,0.5216144331999764,0.3666688673022915,0.382059819514765,0.7233511499788082,0.6628363858361886,0.3269899517449645,0.4756731195311046,0.6769864982252283
2092.84,0.5062716220851238,0.3681229056259532,0.3817582246166643,0.7112645725689725,0.6572242767177318,0.31209484678566446,0.4638646660938581,0.6710574966407873
2102.94,0.4901216978650723,0.3691737111422262,0.38329889426946034,0.7040284558166896,0.6481999759465082,0.3047176263505206,0.45359969581668963,0.6628599757694558
2113.04,0.48025832879202274,0.36932282672997513,0.3858471929043342,0.6803691585730837,0.6403662980273699,0.30859653413627497,0.4526248866838306,0.6531899217165575
2123.14,0.4820815731408369,0.36962811412084484,0.3846295690883165,0.671381820189526,0.6207770519110007,0.3099002166274544,0.45319540855301066,0.6440052707631525
2133.24,0.496779268681745,0.3693607556401141,0.386465905586144,0.6471388640224012,0.5862988306017913,0.3147243058601533,0.45704239092967064,0.6364429505268268
2143.34,0.5104345214673759,0.36874054513091575,0.3883999075784094,0.5863808139435746,0.5396061457336889,0.3147562978885468,0.4589497147626715,0.6278909020442455
2153.34,0.5193244107801004,0.367583508954816,0.38927740657946075,0.5156379153071189,0.49734529133690486,0.3067163018049849,0.4626206339901175,0.6197529019000466
2163.43,0.5282568089105526,0.3658423502512205,0.38738087184726755,0.481300372504581,0.4728960124792309,0.28703394271916255,0.46668666809351683,0.6094308319999607
2173.53,0.5318215581635888,0.3637605353339604,0.38629632837154027,0.4866173800168344,0.46686652063969875,0.2678874391790852,0.4570885571104616,0.5980458981561613
2183.63,0.5394085438431832,0.36205202223550265,0.3875927344261467,0.4826251559484671,0.47907854139784517,0.26436190381199,0.439711628610671,0.5946004468452428
2193.73,0.547788862572065,0.35994657063177704,0.38742566489102337,0.46683726634460654,0.5108770422661775,0.2743240619469225,0.4186723341793338,0.5906449256042978
2203.83,0.5579316972233057,0.3572638017155675,0.3885174533291414,0.40586250831869297,0.5545035271578521,0.29439142050848033,0.40174564094923093,0.581144204440869
2213.93,0.5658531261938525,0.35424192851659664,0.3869954612617841,0.45762506612394105,0.5500739454022421,0.3284925312695082,0.40704738065059826,0.5713595343812882
2224.03,0.5710062739197124,0.3508509408637745,0.3885732386206145,0.5692369062704113,0.5719406452167116,0.36003782026607406,0.4322358678880452,0.5776145337323617
2234.12,0.5673414238994129,0.34724046396080693,0.38937765502074523,0.5979253399598953,0.6277286925396326,0.37918917720310497,0.44926352596284636,0.5914251856380521
2244.22,0.5462339590576826,0.34354236553309914,0.38886820107511016,0.5947997233692133,0.687236817541613,0.3854177443154922,0.4692548152265181,0.596774785417141
2254.22,0.5117888637689775,0.3403283056753676,0.3900710656111611,0.5924329639915993,0.712961923863786,0.3881022679489949,0.49008534030963063,0.5966652132913292
2264.32,0.5058051110424634,0.3371910462835951,0.39266791985472654,0.5810212900390166,0.7115028879933057,0.39239603063843065,0.5100521330609415,0.5892837095344715
2274.42,0.5310915775381985,0.3343725666628377,0.3896351245247409,0.5641878543235265,0.7127807156214165,0.39342937955231877,0.5135216533145851,0.5933100611275711
2284.52,0.5629629697057048,0.3314227000053472,0.3966749375842435,0.5405501567305693,0.7078974715549525,0.4033755279953855,0.5160328428013506,0.6070682471400279
2294.61,0.5832014492822842,0.328455068815194,0.3922756508245615,0.529886601272936,0.6894729978702205,0.39132093194836937,0.5016183915155413,0.6134698773993684
2304.71,0.6215797671311306,0.32542890860403617,0.3978438182583381,0.5234173990969855,0.6536468377783601,0.389849786896439,0.5010260743262299,0.6166061616934366
2314.81,0.6357661810784552,0.3223136002790459,0.39639158569677285,0.49400924007515906,0.589737528815196,0.37743542090179966,0.4922901865643105,0.6179968996794636
2324.91,0.6417309657723157,0.31874609193757314,0.39810903792834357,0.4945320785175576,0.558560611631777,0.38063703958428224,0.4906501573272465,0.6154460015941455
2335.01,0.6438030107999209,0.3152330010793682,0.3982130487636778,0.49923466039243447,0.5794266343270785,0.37356968381928,0.47653353003208393,0.6088225889965836
2345.11,0.6448228307161318,0.3114970526489549,0.3980511334389575,0.4874081903166746,0.6136816433495398,0.35919966338786175,0.4670113922501907,0.59856309108816
2355.21,0.6379383936680499,0.30733115390008486,0.3988473059883983,0.4723546535530328,0.6335246240571086,0.3606379307346102,0.45866633838425747,0.5849322049137367
2365.2,0.6272452919027856,0.3022616572855929,0.3994352557308596,0.4665705949242387,0.6385312042041306,0.360725656093414,0.45061264087963204,0.5689336872660901
2375.3,0.6140017874792785,0.2950655815281779,0.40039475644068806,0.446153253370369,0.6104093337039893,0.3547277706901161,0.4494133307302219,0.5462706258126613
2385.4,0.598047095472378,0.2876918261771083,0.40324688860875935,0.4382768747534879,0.5562696946437725,0.34675160752270046,0.44337669525532475,0.5167140985459799
